"","table_id","table_desc","n","subset","var","outcome","est","ci_lower","ci_upper","p","est_char","p_original","p_char","ci_lower_char","ci_upper_char","model"
"1","1","Association between baseline tertiles of combined low and no-caloric sweeteners and cognitive decline during eight years of follow-up","12772","","Tertile 2*Time","Memory","-0.004","-0.024","0.016","0.68","-0.004","0.680","0.680","-0.024","0.016","Unadjusted"
"2","1","Association between baseline tertiles of combined low and no-caloric sweeteners and cognitive decline during eight years of follow-up","12772","","Tertile 3*Time","Memory","-0.024","-0.048","-0.002","0.033","-0.024","0.033","0.033","-0.048","-0.002","Unadjusted"
"3","1","Association between baseline tertiles of combined low and no-caloric sweeteners and cognitive decline during eight years of follow-up","12772","","Tertile 2*Time","Verbal fluency","-0.016","-0.032","0.008","0.137","-0.016","0.137","0.137","-0.032","0.008","Unadjusted"
"4","1","Association between baseline tertiles of combined low and no-caloric sweeteners and cognitive decline during eight years of follow-up","12772","","Tertile 3*Time","Verbal fluency","-0.032","-0.056","-0.016","0.001","-0.032","<0.001","0.001","-0.056","-0.016","Unadjusted"
"5","1","Association between baseline tertiles of combined low and no-caloric sweeteners and cognitive decline during eight years of follow-up","12772","","Tertile 2*Time","Executive function","0.016","0.002","0.048","0.088","0.016","0.088","0.088","0.002","0.048","Unadjusted"
"6","1","Association between baseline tertiles of combined low and no-caloric sweeteners and cognitive decline during eight years of follow-up","12772","","Tertile 3*Time","Executive function","0.008","-0.016","0.032","0.576","0.008","0.576","0.576","-0.016","0.032","Unadjusted"
"7","1","Association between baseline tertiles of combined low and no-caloric sweeteners and cognitive decline during eight years of follow-up","12772","","Tertile 2*Time","Global cognition","-0.006","-0.024","0.008","0.436","-0.006","0.436","0.436","-0.024","0.008","Unadjusted"
"8","1","Association between baseline tertiles of combined low and no-caloric sweeteners and cognitive decline during eight years of follow-up","12772","","Tertile 3*Time","Global cognition","-0.024","-0.04","-0.008","0.002","-0.024","0.002","0.002","-0.040","-0.008","Unadjusted"
"9","1","Association between baseline tertiles of combined low and no-caloric sweeteners and cognitive decline during eight years of follow-up","12772","","Tertile 2*Time","Memory","-0.016","-0.032","0.004","0.129","-0.016","0.129","0.129","-0.032","0.004","Model 1"
"10","1","Association between baseline tertiles of combined low and no-caloric sweeteners and cognitive decline during eight years of follow-up","12772","","Tertile 3*Time","Memory","-0.032","-0.048","-0.008","0.005","-0.032","0.005","0.005","-0.048","-0.008","Model 1"
"11","1","Association between baseline tertiles of combined low and no-caloric sweeteners and cognitive decline during eight years of follow-up","12772","","Tertile 2*Time","Verbal fluency","-0.024","-0.048","-0.008","0.005","-0.024","0.005","0.005","-0.048","-0.008","Model 1"
"12","1","Association between baseline tertiles of combined low and no-caloric sweeteners and cognitive decline during eight years of follow-up","12772","","Tertile 3*Time","Verbal fluency","-0.04","-0.056","-0.016","0.001","-0.040","<0.001","0.001","-0.056","-0.016","Model 1"
"13","1","Association between baseline tertiles of combined low and no-caloric sweeteners and cognitive decline during eight years of follow-up","12772","","Tertile 2*Time","Executive function","-0.001","-0.024","0.024","0.931","-0.001","0.931","0.931","-0.024","0.024","Model 1"
"14","1","Association between baseline tertiles of combined low and no-caloric sweeteners and cognitive decline during eight years of follow-up","12772","","Tertile 3*Time","Executive function","-0.008","-0.024","0.016","0.651","-0.008","0.651","0.651","-0.024","0.016","Model 1"
"15","1","Association between baseline tertiles of combined low and no-caloric sweeteners and cognitive decline during eight years of follow-up","12772","","Tertile 2*Time","Global cognition","-0.016","-0.024","-0.002","0.024","-0.016","0.024","0.024","-0.024","-0.002","Model 1"
"16","1","Association between baseline tertiles of combined low and no-caloric sweeteners and cognitive decline during eight years of follow-up","12772","","Tertile 3*Time","Global cognition","-0.024","-0.04","-0.016","0.001","-0.024","<0.001","0.001","-0.040","-0.016","Model 1"
"17","1","Association between baseline tertiles of combined low and no-caloric sweeteners and cognitive decline during eight years of follow-up","12772","","Tertile 2*Time","Memory","-0.008","-0.032","0.008","0.219","-0.008","0.219","0.219","-0.032","0.008","Model 2"
"18","1","Association between baseline tertiles of combined low and no-caloric sweeteners and cognitive decline during eight years of follow-up","12772","","Tertile 3*Time","Memory","-0.024","-0.04","-0.004","0.017","-0.024","0.017","0.017","-0.040","-0.004","Model 2"
"19","1","Association between baseline tertiles of combined low and no-caloric sweeteners and cognitive decline during eight years of follow-up","12772","","Tertile 2*Time","Verbal fluency","-0.024","-0.048","-0.008","0.006","-0.024","0.006","0.006","-0.048","-0.008","Model 2"
"20","1","Association between baseline tertiles of combined low and no-caloric sweeteners and cognitive decline during eight years of follow-up","12772","","Tertile 3*Time","Verbal fluency","-0.04","-0.064","-0.024","0.001","-0.040","<0.001","0.001","-0.064","-0.024","Model 2"
"21","1","Association between baseline tertiles of combined low and no-caloric sweeteners and cognitive decline during eight years of follow-up","12772","","Tertile 2*Time","Executive function","0","-0.024","0.024","0.976","0.000","0.976","0.976","-0.024","0.024","Model 2"
"22","1","Association between baseline tertiles of combined low and no-caloric sweeteners and cognitive decline during eight years of follow-up","12772","","Tertile 3*Time","Executive function","-0.002","-0.024","0.016","0.852","-0.002","0.852","0.852","-0.024","0.016","Model 2"
"23","1","Association between baseline tertiles of combined low and no-caloric sweeteners and cognitive decline during eight years of follow-up","12772","","Tertile 2*Time","Global cognition","-0.016","-0.032","-0.001","0.03","-0.016","0.030","0.030","-0.032","-0.001","Model 2"
"24","1","Association between baseline tertiles of combined low and no-caloric sweeteners and cognitive decline during eight years of follow-up","12772","","Tertile 3*Time","Global cognition","-0.024","-0.04","-0.016","0.001","-0.024","<0.001","0.001","-0.040","-0.016","Model 2"
"25","2","Association between baseline tertiles of combined low and no-caloric sweeteners and cognitive decline during eight years of follow-up using next observation carried backward","12772","","Tertile 2*Time","Memory","-0.004","-0.024","0.016","0.632","-0.004","0.632","0.632","-0.024","0.016","Unadjusted"
"26","2","Association between baseline tertiles of combined low and no-caloric sweeteners and cognitive decline during eight years of follow-up using next observation carried backward","12772","","Tertile 3*Time","Memory","-0.016","-0.04","-0.002","0.044","-0.016","0.044","0.044","-0.040","-0.002","Unadjusted"
"27","2","Association between baseline tertiles of combined low and no-caloric sweeteners and cognitive decline during eight years of follow-up using next observation carried backward","12772","","Tertile 2*Time","Verbal fluency","-0.016","-0.032","0.003","0.115","-0.016","0.115","0.115","-0.032","0.003","Unadjusted"
"28","2","Association between baseline tertiles of combined low and no-caloric sweeteners and cognitive decline during eight years of follow-up using next observation carried backward","12772","","Tertile 3*Time","Verbal fluency","-0.032","-0.056","-0.016","0.001","-0.032","<0.001","0.001","-0.056","-0.016","Unadjusted"
"29","2","Association between baseline tertiles of combined low and no-caloric sweeteners and cognitive decline during eight years of follow-up using next observation carried backward","12772","","Tertile 2*Time","Executive function","0.024","0.001","0.048","0.037","0.024","0.037","0.037","0.001","0.048","Unadjusted"
"30","2","Association between baseline tertiles of combined low and no-caloric sweeteners and cognitive decline during eight years of follow-up using next observation carried backward","12772","","Tertile 3*Time","Executive function","0.002","-0.016","0.024","0.861","0.002","0.861","0.861","-0.016","0.024","Unadjusted"
"31","2","Association between baseline tertiles of combined low and no-caloric sweeteners and cognitive decline during eight years of follow-up using next observation carried backward","12772","","Tertile 2*Time","Global cognition","-0.006","-0.021","0.008","0.439","-0.006","0.439","0.439","-0.021","0.008","Unadjusted"
"32","2","Association between baseline tertiles of combined low and no-caloric sweeteners and cognitive decline during eight years of follow-up using next observation carried backward","12772","","Tertile 3*Time","Global cognition","-0.024","-0.039","-0.008","0.002","-0.024","0.002","0.002","-0.039","-0.008","Unadjusted"
"33","2","Association between baseline tertiles of combined low and no-caloric sweeteners and cognitive decline during eight years of follow-up using next observation carried backward","12772","","Tertile 2*Time","Memory","-0.016","-0.032","0.001","0.198","-0.016","0.198","0.198","-0.032","0.001","Model 1"
"34","2","Association between baseline tertiles of combined low and no-caloric sweeteners and cognitive decline during eight years of follow-up using next observation carried backward","12772","","Tertile 3*Time","Memory","-0.024","-0.048","-0.004","0.017","-0.024","0.017","0.017","-0.048","-0.004","Model 1"
"35","2","Association between baseline tertiles of combined low and no-caloric sweeteners and cognitive decline during eight years of follow-up using next observation carried backward","12772","","Tertile 2*Time","Verbal fluency","-0.024","-0.044","-0.007","0.005","-0.024","0.005","0.005","-0.044","-0.007","Model 1"
"36","2","Association between baseline tertiles of combined low and no-caloric sweeteners and cognitive decline during eight years of follow-up using next observation carried backward","12772","","Tertile 3*Time","Verbal fluency","-0.04","-0.056","-0.024","0.001","-0.040","<0.001","0.001","-0.056","-0.024","Model 1"
"37","2","Association between baseline tertiles of combined low and no-caloric sweeteners and cognitive decline during eight years of follow-up using next observation carried backward","12772","","Tertile 2*Time","Executive function","0.004","-0.016","0.024","0.674","0.004","0.674","0.674","-0.016","0.024","Model 1"
"38","2","Association between baseline tertiles of combined low and no-caloric sweeteners and cognitive decline during eight years of follow-up using next observation carried backward","12772","","Tertile 3*Time","Executive function","-0.008","-0.032","0.008","0.395","-0.008","0.395","0.395","-0.032","0.008","Model 1"
"39","2","Association between baseline tertiles of combined low and no-caloric sweeteners and cognitive decline during eight years of follow-up using next observation carried backward","12772","","Tertile 2*Time","Global cognition","-0.016","-0.024","-0.001","0.033","-0.016","0.033","0.033","-0.024","-0.001","Model 1"
"40","2","Association between baseline tertiles of combined low and no-caloric sweeteners and cognitive decline during eight years of follow-up using next observation carried backward","12772","","Tertile 3*Time","Global cognition","-0.024","-0.04","-0.016","0.001","-0.024","<0.001","0.001","-0.040","-0.016","Model 1"
"41","2","Association between baseline tertiles of combined low and no-caloric sweeteners and cognitive decline during eight years of follow-up using next observation carried backward","12772","","Tertile 2*Time","Memory","-0.008","-0.032","0.008","0.209","-0.008","0.209","0.209","-0.032","0.008","Model 2"
"42","2","Association between baseline tertiles of combined low and no-caloric sweeteners and cognitive decline during eight years of follow-up using next observation carried backward","12772","","Tertile 3*Time","Memory","-0.024","-0.04","-0.002","0.027","-0.024","0.027","0.027","-0.040","-0.002","Model 2"
"43","2","Association between baseline tertiles of combined low and no-caloric sweeteners and cognitive decline during eight years of follow-up using next observation carried backward","12772","","Tertile 2*Time","Verbal fluency","-0.024","-0.04","-0.007","0.007","-0.024","0.007","0.007","-0.040","-0.007","Model 2"
"44","2","Association between baseline tertiles of combined low and no-caloric sweeteners and cognitive decline during eight years of follow-up using next observation carried backward","12772","","Tertile 3*Time","Verbal fluency","-0.04","-0.056","-0.024","0.001","-0.040","<0.001","0.001","-0.056","-0.024","Model 2"
"45","2","Association between baseline tertiles of combined low and no-caloric sweeteners and cognitive decline during eight years of follow-up using next observation carried backward","12772","","Tertile 2*Time","Executive function","0.006","-0.016","0.024","0.595","0.006","0.595","0.595","-0.016","0.024","Model 2"
"46","2","Association between baseline tertiles of combined low and no-caloric sweeteners and cognitive decline during eight years of follow-up using next observation carried backward","12772","","Tertile 3*Time","Executive function","-0.006","-0.024","0.016","0.538","-0.006","0.538","0.538","-0.024","0.016","Model 2"
"47","2","Association between baseline tertiles of combined low and no-caloric sweeteners and cognitive decline during eight years of follow-up using next observation carried backward","12772","","Tertile 2*Time","Global cognition","-0.014","-0.028","0","0.04","-0.014","0.040","0.040","-0.028","0.000","Model 2"
"48","2","Association between baseline tertiles of combined low and no-caloric sweeteners and cognitive decline during eight years of follow-up using next observation carried backward","12772","","Tertile 3*Time","Global cognition","-0.026","-0.048","-0.013","0.001","-0.026","<0.001","0.001","-0.048","-0.013","Model 2"
"49","3","Association between baseline daily consumption of low- and no-caloric sweeteners and cognitive decline during eight years of follow-up","12772","","Daily consumption","Memory","-0.029","-0.048","-0.01","0.002","-0.029","0.002","0.002","-0.048","-0.010","Unadjusted"
"50","3","Association between baseline daily consumption of low- and no-caloric sweeteners and cognitive decline during eight years of follow-up","12772","","Daily consumption","Verbal fluency","-0.04","-0.058","-0.022","0.001","-0.040","<0.001","0.001","-0.058","-0.022","Unadjusted"
"51","3","Association between baseline daily consumption of low- and no-caloric sweeteners and cognitive decline during eight years of follow-up","12772","","Daily consumption","Executive function","-0.019","-0.042","0.002","0.084","-0.019","0.084","0.084","-0.042","0.002","Unadjusted"
"52","3","Association between baseline daily consumption of low- and no-caloric sweeteners and cognitive decline during eight years of follow-up","12772","","Daily consumption","Global cognition","-0.03","-0.044","-0.017","0.001","-0.030","<0.001","0.001","-0.044","-0.017","Unadjusted"
"53","3","Association between baseline daily consumption of low- and no-caloric sweeteners and cognitive decline during eight years of follow-up","12772","","Daily consumption","Memory","-0.022","-0.038","-0.004","0.014","-0.022","0.014","0.014","-0.038","-0.004","Model 1"
"54","3","Association between baseline daily consumption of low- and no-caloric sweeteners and cognitive decline during eight years of follow-up","12772","","Daily consumption","Verbal fluency","-0.032","-0.049","-0.016","0.001","-0.032","<0.001","0.001","-0.049","-0.016","Model 1"
"55","3","Association between baseline daily consumption of low- and no-caloric sweeteners and cognitive decline during eight years of follow-up","12772","","Daily consumption","Executive function","-0.018","-0.037","0.001","0.069","-0.018","0.069","0.069","-0.037","0.001","Model 1"
"56","3","Association between baseline daily consumption of low- and no-caloric sweeteners and cognitive decline during eight years of follow-up","12772","","Daily consumption","Global cognition","-0.024","-0.037","-0.012","0.001","-0.024","<0.001","0.001","-0.037","-0.012","Model 1"
"57","3","Association between baseline daily consumption of low- and no-caloric sweeteners and cognitive decline during eight years of follow-up","12772","","Daily consumption","Memory","-0.018","-0.035","0","0.043","-0.018","0.043","0.043","-0.035","0.000","Model 2"
"58","3","Association between baseline daily consumption of low- and no-caloric sweeteners and cognitive decline during eight years of follow-up","12772","","Daily consumption","Verbal fluency","-0.029","-0.045","-0.012","0.001","-0.029","<0.001","0.001","-0.045","-0.012","Model 2"
"59","3","Association between baseline daily consumption of low- and no-caloric sweeteners and cognitive decline during eight years of follow-up","12772","","Daily consumption","Executive function","-0.013","-0.032","0.006","0.187","-0.013","0.187","0.187","-0.032","0.006","Model 2"
"60","3","Association between baseline daily consumption of low- and no-caloric sweeteners and cognitive decline during eight years of follow-up","12772","","Daily consumption","Global cognition","-0.021","-0.034","-0.009","0.001","-0.021","0.001","0.001","-0.034","-0.009","Model 2"
"61","4","Association between baseline tertiles of combined low and no-caloric sweeteners and cognitive decline during eight years of follow-up using complete-case analysis","6041","","Tertile 2*Time","Memory","-0.008","-0.048","0.024","0.511","-0.008","0.511","0.511","-0.048","0.024","Unadjusted"
"62","4","Association between baseline tertiles of combined low and no-caloric sweeteners and cognitive decline during eight years of follow-up using complete-case analysis","6041","","Tertile 3*Time","Memory","-0.048","-0.088","-0.008","0.013","-0.048","0.013","0.013","-0.088","-0.008","Unadjusted"
"63","4","Association between baseline tertiles of combined low and no-caloric sweeteners and cognitive decline during eight years of follow-up using complete-case analysis","6041","","Tertile 2*Time","Verbal fluency","-0.016","-0.056","0.016","0.388","-0.016","0.388","0.388","-0.056","0.016","Unadjusted"
"64","4","Association between baseline tertiles of combined low and no-caloric sweeteners and cognitive decline during eight years of follow-up using complete-case analysis","6041","","Tertile 3*Time","Verbal fluency","-0.008","-0.048","0.024","0.584","-0.008","0.584","0.584","-0.048","0.024","Unadjusted"
"65","4","Association between baseline tertiles of combined low and no-caloric sweeteners and cognitive decline during eight years of follow-up using complete-case analysis","6041","","Tertile 2*Time","Executive function","-0.008","-0.049","0.04","0.819","-0.008","0.819","0.819","-0.049","0.040","Unadjusted"
"66","4","Association between baseline tertiles of combined low and no-caloric sweeteners and cognitive decline during eight years of follow-up using complete-case analysis","6041","","Tertile 3*Time","Executive function","-0.008","-0.056","0.04","0.678","-0.008","0.678","0.678","-0.056","0.040","Unadjusted"
"67","4","Association between baseline tertiles of combined low and no-caloric sweeteners and cognitive decline during eight years of follow-up using complete-case analysis","6041","","Tertile 2*Time","Global cognition","-0.008","-0.04","0.016","0.387","-0.008","0.387","0.387","-0.040","0.016","Unadjusted"
"68","4","Association between baseline tertiles of combined low and no-caloric sweeteners and cognitive decline during eight years of follow-up using complete-case analysis","6041","","Tertile 3*Time","Global cognition","-0.024","-0.048","0","0.053","-0.024","0.053","0.053","-0.048","0.000","Unadjusted"
"69","4","Association between baseline tertiles of combined low and no-caloric sweeteners and cognitive decline during eight years of follow-up using complete-case analysis","6041","","Tertile 2*Time","Memory","-0.016","-0.048","0.024","0.491","-0.016","0.491","0.491","-0.048","0.024","Model 1"
"70","4","Association between baseline tertiles of combined low and no-caloric sweeteners and cognitive decline during eight years of follow-up using complete-case analysis","6041","","Tertile 3*Time","Memory","-0.04","-0.072","0","0.05","-0.040","0.050","0.050","-0.072","0.000","Model 1"
"71","4","Association between baseline tertiles of combined low and no-caloric sweeteners and cognitive decline during eight years of follow-up using complete-case analysis","6041","","Tertile 2*Time","Verbal fluency","-0.024","-0.056","0.008","0.206","-0.024","0.206","0.206","-0.056","0.008","Model 1"
"72","4","Association between baseline tertiles of combined low and no-caloric sweeteners and cognitive decline during eight years of follow-up using complete-case analysis","6041","","Tertile 3*Time","Verbal fluency","0","-0.032","0.032","0.876","0.000","0.876","0.876","-0.032","0.032","Model 1"
"73","4","Association between baseline tertiles of combined low and no-caloric sweeteners and cognitive decline during eight years of follow-up using complete-case analysis","6041","","Tertile 2*Time","Executive function","0","-0.048","0.04","0.858","0.000","0.858","0.858","-0.048","0.040","Model 1"
"74","4","Association between baseline tertiles of combined low and no-caloric sweeteners and cognitive decline during eight years of follow-up using complete-case analysis","6041","","Tertile 3*Time","Executive function","0","-0.048","0.04","0.911","0.000","0.911","0.911","-0.048","0.040","Model 1"
"75","4","Association between baseline tertiles of combined low and no-caloric sweeteners and cognitive decline during eight years of follow-up using complete-case analysis","6041","","Tertile 2*Time","Global cognition","-0.016","-0.04","0.008","0.268","-0.016","0.268","0.268","-0.040","0.008","Model 1"
"76","4","Association between baseline tertiles of combined low and no-caloric sweeteners and cognitive decline during eight years of follow-up using complete-case analysis","6041","","Tertile 3*Time","Global cognition","-0.016","-0.048","0.008","0.145","-0.016","0.145","0.145","-0.048","0.008","Model 1"
"77","4","Association between baseline tertiles of combined low and no-caloric sweeteners and cognitive decline during eight years of follow-up using complete-case analysis","6041","","Tertile 2*Time","Memory","-0.008","-0.048","0.024","0.568","-0.008","0.568","0.568","-0.048","0.024","Model 2"
"78","4","Association between baseline tertiles of combined low and no-caloric sweeteners and cognitive decline during eight years of follow-up using complete-case analysis","6041","","Tertile 3*Time","Memory","-0.036","-0.072","0","0.059","-0.036","0.059","0.059","-0.072","-0.000","Model 2"
"79","4","Association between baseline tertiles of combined low and no-caloric sweeteners and cognitive decline during eight years of follow-up using complete-case analysis","6041","","Tertile 2*Time","Verbal fluency","-0.016","-0.056","0.008","0.192","-0.016","0.192","0.192","-0.056","0.008","Model 2"
"80","4","Association between baseline tertiles of combined low and no-caloric sweeteners and cognitive decline during eight years of follow-up using complete-case analysis","6041","","Tertile 3*Time","Verbal fluency","0","-0.04","0.032","0.823","0.000","0.823","0.823","-0.040","0.032","Model 2"
"81","4","Association between baseline tertiles of combined low and no-caloric sweeteners and cognitive decline during eight years of follow-up using complete-case analysis","6041","","Tertile 2*Time","Executive function","0","-0.048","0.04","0.889","0.000","0.889","0.889","-0.048","0.040","Model 2"
"82","4","Association between baseline tertiles of combined low and no-caloric sweeteners and cognitive decline during eight years of follow-up using complete-case analysis","6041","","Tertile 3*Time","Executive function","0","-0.048","0.04","0.954","0.000","0.954","0.954","-0.048","0.040","Model 2"
"83","4","Association between baseline tertiles of combined low and no-caloric sweeteners and cognitive decline during eight years of follow-up using complete-case analysis","6041","","Tertile 2*Time","Global cognition","-0.008","-0.04","0.008","0.293","-0.008","0.293","0.293","-0.040","0.008","Model 2"
"84","4","Association between baseline tertiles of combined low and no-caloric sweeteners and cognitive decline during eight years of follow-up using complete-case analysis","6041","","Tertile 3*Time","Global cognition","-0.016","-0.048","0.008","0.139","-0.016","0.139","0.139","-0.048","0.008","Model 2"
"85","5","Association of individual low and no-caloric sweeteners at the study baseline and cognitive decline during eight years of follow-up","12772","","Aspartame","Memory","-0.002","-0.003","-0.0004","0.005","-0.002","0.005","0.005","-0.003","-0.0004",NA
"86","5","Association of individual low and no-caloric sweeteners at the study baseline and cognitive decline during eight years of follow-up","12772","","Saccharin","Memory","-0.01","-0.016","-0.003","0.003","-0.010","0.003","0.003","-0.016","-0.003",NA
"87","5","Association of individual low and no-caloric sweeteners at the study baseline and cognitive decline during eight years of follow-up","12772","","Acesulfame-k","Memory","-0.003","-0.006","-0.001","0.003","-0.003","0.003","0.003","-0.006","-0.001",NA
"88","5","Association of individual low and no-caloric sweeteners at the study baseline and cognitive decline during eight years of follow-up","12772","","Erythritol","Memory","-0.038","-0.067","-0.007","0.015","-0.038","0.015","0.015","-0.067","-0.007",NA
"89","5","Association of individual low and no-caloric sweeteners at the study baseline and cognitive decline during eight years of follow-up","12772","","Sorbitol","Memory","-0.001","-0.001","-0.0001","0.009","-0.001","0.009","0.009","-0.001","-0.0001",NA
"90","5","Association of individual low and no-caloric sweeteners at the study baseline and cognitive decline during eight years of follow-up","12772","","Xylitol","Memory","-0.032","-0.056","-0.016","0.001","-0.032","<0.001","0.001","-0.056","-0.016",NA
"91","5","Association of individual low and no-caloric sweeteners at the study baseline and cognitive decline during eight years of follow-up","12772","","Tagatose","Memory","0.032","-0.008","0.081","0.148","0.032","0.148","0.148","-0.008","0.081",NA
"92","5","Association of individual low and no-caloric sweeteners at the study baseline and cognitive decline during eight years of follow-up","12772","","Aspartame","Verbal fluency","-0.001","-0.002","-0.0001","0.038","-0.001","0.038","0.038","-0.002","-0.0001",NA
"93","5","Association of individual low and no-caloric sweeteners at the study baseline and cognitive decline during eight years of follow-up","12772","","Saccharin","Verbal fluency","-0.005","-0.008","0.002","0.154","-0.005","0.154","0.154","-0.008","0.002",NA
"94","5","Association of individual low and no-caloric sweeteners at the study baseline and cognitive decline during eight years of follow-up","12772","","Acesulfame-k","Verbal fluency","-0.002","-0.004","0.0003","0.095","-0.002","0.095","0.095","-0.004","0.0003",NA
"95","5","Association of individual low and no-caloric sweeteners at the study baseline and cognitive decline during eight years of follow-up","12772","","Erythritol","Verbal fluency","-0.028","-0.057","0.001","0.061","-0.028","0.061","0.061","-0.057","0.001",NA
"96","5","Association of individual low and no-caloric sweeteners at the study baseline and cognitive decline during eight years of follow-up","12772","","Sorbitol","Verbal fluency","-0.0008","-0.001","-0.0003","0.002","-0.0008","0.002","0.002","-0.001","-0.0003",NA
"97","5","Association of individual low and no-caloric sweeteners at the study baseline and cognitive decline during eight years of follow-up","12772","","Xylitol","Verbal fluency","-0.016","-0.032","0.001","0.059","-0.016","0.059","0.059","-0.032","0.001",NA
"98","5","Association of individual low and no-caloric sweeteners at the study baseline and cognitive decline during eight years of follow-up","12772","","Tagatose","Verbal fluency","0.008","-0.024","0.048","0.594","0.008","0.594","0.594","-0.024","0.048",NA
"99","5","Association of individual low and no-caloric sweeteners at the study baseline and cognitive decline during eight years of follow-up","12772","","Aspartame","Executive function","0.001","-0.001","0.002","0.347","0.001","0.347","0.347","-0.001","0.002",NA
"100","5","Association of individual low and no-caloric sweeteners at the study baseline and cognitive decline during eight years of follow-up","12772","","Saccharin","Executive function","0.0004","-0.006","0.008","0.889","0.0004","0.889","0.889","-0.006","0.008",NA
"101","5","Association of individual low and no-caloric sweeteners at the study baseline and cognitive decline during eight years of follow-up","12772","","Acesulfame-k","Executive function","0.002","-0.001","0.004","0.318","0.002","0.318","0.318","-0.001","0.004",NA
"102","5","Association of individual low and no-caloric sweeteners at the study baseline and cognitive decline during eight years of follow-up","12772","","Erythritol","Executive function","-0.029","-0.068","0.004","0.083","-0.029","0.083","0.083","-0.068","0.004",NA
"103","5","Association of individual low and no-caloric sweeteners at the study baseline and cognitive decline during eight years of follow-up","12772","","Sorbitol","Executive function","-0.0002","-0.001","0.0004","0.443","-0.0002","0.443","0.443","-0.001","0.0004",NA
"104","5","Association of individual low and no-caloric sweeteners at the study baseline and cognitive decline during eight years of follow-up","12772","","Xylitol","Executive function","-0.003","-0.024","0.016","0.749","-0.003","0.749","0.749","-0.024","0.016",NA
"105","5","Association of individual low and no-caloric sweeteners at the study baseline and cognitive decline during eight years of follow-up","12772","","Tagatose","Executive function","-0.008","-0.056","0.04","0.737","-0.008","0.737","0.737","-0.056","0.040",NA
"106","5","Association of individual low and no-caloric sweeteners at the study baseline and cognitive decline during eight years of follow-up","12772","","Aspartame","Global cognition","-0.001","-0.002","-0.0004","0.004","-0.001","0.004","0.004","-0.002","-0.0004",NA
"107","5","Association of individual low and no-caloric sweeteners at the study baseline and cognitive decline during eight years of follow-up","12772","","Saccharin","Global cognition","-0.008","-0.011","-0.002","0.003","-0.008","0.003","0.003","-0.011","-0.002",NA
"108","5","Association of individual low and no-caloric sweeteners at the study baseline and cognitive decline during eight years of follow-up","12772","","Acesulfame-k","Global cognition","-0.002","-0.004","-0.001","0.007","-0.002","0.007","0.007","-0.004","-0.001",NA
"109","5","Association of individual low and no-caloric sweeteners at the study baseline and cognitive decline during eight years of follow-up","12772","","Erythritol","Global cognition","-0.028","-0.049","-0.006","0.01","-0.028","0.010","0.010","-0.049","-0.006",NA
"110","5","Association of individual low and no-caloric sweeteners at the study baseline and cognitive decline during eight years of follow-up","12772","","Sorbitol","Global cognition","-0.0006","-0.001","-0.0002","0.002","-0.0006","0.002","0.002","-0.001","-0.0002",NA
"111","5","Association of individual low and no-caloric sweeteners at the study baseline and cognitive decline during eight years of follow-up","12772","","Xylitol","Global cognition","-0.016","-0.032","-0.008","0.001","-0.016","<0.001","0.001","-0.032","-0.008",NA
"112","5","Association of individual low and no-caloric sweeteners at the study baseline and cognitive decline during eight years of follow-up","12772","","Tagatose","Global cognition","0.024","-0.006","0.048","0.118","0.024","0.118","0.118","-0.006","0.048",NA
"113","6","Association between baseline tertiles of combined low and no-caloric sweeteners and cognitive decline during eight years of follow-up stratified by baseline age","10103","< 60 years","Tertile 2*Time","Memory","0","-0.024","0.024","0.867","0.000","0.867","0.867","-0.024","0.024",NA
"114","6","Association between baseline tertiles of combined low and no-caloric sweeteners and cognitive decline during eight years of follow-up stratified by baseline age","10103","< 60 years","Tertile 3*Time","Memory","-0.024","-0.048","0","0.055","-0.024","0.055","0.055","-0.048","0.000",NA
"115","6","Association between baseline tertiles of combined low and no-caloric sweeteners and cognitive decline during eight years of follow-up stratified by baseline age","2669","60+ years","Tertile 2*Time","Memory","-0.024","-0.096","0.048","0.507","-0.024","0.507","0.507","-0.096","0.048",NA
"116","6","Association between baseline tertiles of combined low and no-caloric sweeteners and cognitive decline during eight years of follow-up stratified by baseline age","2669","60+ years","Tertile 3*Time","Memory","-0.024","-0.096","0.048","0.529","-0.024","0.529","0.529","-0.096","0.048",NA
"117","6","Association between baseline tertiles of combined low and no-caloric sweeteners and cognitive decline during eight years of follow-up stratified by baseline age","10103","< 60 years","Tertile 2*Time","Verbal fluency","-0.016","-0.04","-0.008","0.234","-0.016","0.234","0.234","-0.040","-0.008",NA
"118","6","Association between baseline tertiles of combined low and no-caloric sweeteners and cognitive decline during eight years of follow-up stratified by baseline age","10103","< 60 years","Tertile 3*Time","Verbal fluency","-0.04","-0.064","-0.016","0.001","-0.040","0.001","0.001","-0.064","-0.016",NA
"119","6","Association between baseline tertiles of combined low and no-caloric sweeteners and cognitive decline during eight years of follow-up stratified by baseline age","2669","60+ years","Tertile 2*Time","Verbal fluency","-0.024","-0.088","0.032","0.43","-0.024","0.430","0.430","-0.088","0.032",NA
"120","6","Association between baseline tertiles of combined low and no-caloric sweeteners and cognitive decline during eight years of follow-up stratified by baseline age","2669","60+ years","Tertile 3*Time","Verbal fluency","0","-0.056","0.064","0.879","0.000","0.879","0.879","-0.056","0.064",NA
"121","6","Association between baseline tertiles of combined low and no-caloric sweeteners and cognitive decline during eight years of follow-up stratified by baseline age","10103","< 60 years","Tertile 2*Time","Trail-Making test","-0.008","-0.032","0.016","0.574","-0.008","0.574","0.574","-0.032","0.016",NA
"122","6","Association between baseline tertiles of combined low and no-caloric sweeteners and cognitive decline during eight years of follow-up stratified by baseline age","10103","< 60 years","Tertile 3*Time","Trail-Making test","-0.008","-0.032","0.024","0.668","-0.008","0.668","0.668","-0.032","0.024",NA
"123","6","Association between baseline tertiles of combined low and no-caloric sweeteners and cognitive decline during eight years of follow-up stratified by baseline age","2669","60+ years","Tertile 2*Time","Trail-Making test","-0.008","-0.096","0.08","0.843","-0.008","0.843","0.843","-0.096","0.080",NA
"124","6","Association between baseline tertiles of combined low and no-caloric sweeteners and cognitive decline during eight years of follow-up stratified by baseline age","2669","60+ years","Tertile 3*Time","Trail-Making test","-0.032","-0.12","0.048","0.45","-0.032","0.450","0.450","-0.120","0.048",NA
"125","6","Association between baseline tertiles of combined low and no-caloric sweeteners and cognitive decline during eight years of follow-up stratified by baseline age","10103","< 60 years","Tertile 2*Time","Global cognition","-0.008","-0.024","0.008","0.303","-0.008","0.303","0.303","-0.024","0.008",NA
"126","6","Association between baseline tertiles of combined low and no-caloric sweeteners and cognitive decline during eight years of follow-up stratified by baseline age","10103","< 60 years","Tertile 3*Time","Global cognition","-0.024","-0.04","-0.008","0.003","-0.024","0.003","0.003","-0.040","-0.008",NA
"127","6","Association between baseline tertiles of combined low and no-caloric sweeteners and cognitive decline during eight years of follow-up stratified by baseline age","2669","60+ years","Tertile 2*Time","Global cognition","-0.016","-0.064","0.032","0.513","-0.016","0.513","0.513","-0.064","0.032",NA
"128","6","Association between baseline tertiles of combined low and no-caloric sweeteners and cognitive decline during eight years of follow-up stratified by baseline age","2669","60+ years","Tertile 3*Time","Global cognition","-0.016","-0.064","0.032","0.52","-0.016","0.520","0.520","-0.064","0.032",NA
"129","7","Association of individual low and no-caloric sweeteners at the study baseline and cognitive decline during eight years of follow-up stratified by baseline age","10103","< 60 years","Aspartame","Memory","-0.016","-0.001","0.001","0.107","-0.016","0.107","0.107","-0.001","0.001",NA
"130","7","Association of individual low and no-caloric sweeteners at the study baseline and cognitive decline during eight years of follow-up stratified by baseline age","2669","60+ years","Aspartame","Memory","0","-0.008","0.001","0.382","0.000","0.382","0.382","-0.008","0.001",NA
"131","7","Association of individual low and no-caloric sweeteners at the study baseline and cognitive decline during eight years of follow-up stratified by baseline age","10103","< 60 years","Saccharin","Memory","-0.008","-0.016","0.001","0.058","-0.008","0.058","0.058","-0.016","0.001",NA
"132","7","Association of individual low and no-caloric sweeteners at the study baseline and cognitive decline during eight years of follow-up stratified by baseline age","2669","60+ years","Saccharin","Memory","-0.008","-0.032","0.008","0.419","-0.008","0.419","0.419","-0.032","0.008",NA
"133","7","Association of individual low and no-caloric sweeteners at the study baseline and cognitive decline during eight years of follow-up stratified by baseline age","10103","< 60 years","Acesulfame-k","Memory","0","-0.008","0","0.083","0.000","0.083","0.083","-0.008","0.000",NA
"134","7","Association of individual low and no-caloric sweeteners at the study baseline and cognitive decline during eight years of follow-up stratified by baseline age","2669","60+ years","Acesulfame-k","Memory","-0.008","-0.016","0","0.219","-0.008","0.219","0.219","-0.016","0.000",NA
"135","7","Association of individual low and no-caloric sweeteners at the study baseline and cognitive decline during eight years of follow-up stratified by baseline age","10103","< 60 years","Erythritol","Memory","-0.032","-0.065","0.008","0.142","-0.032","0.142","0.142","-0.065","0.008",NA
"136","7","Association of individual low and no-caloric sweeteners at the study baseline and cognitive decline during eight years of follow-up stratified by baseline age","2669","60+ years","Erythritol","Memory","0.008","-0.08","0.096","0.898","0.008","0.898","0.898","-0.080","0.096",NA
"137","7","Association of individual low and no-caloric sweeteners at the study baseline and cognitive decline during eight years of follow-up stratified by baseline age","10103","< 60 years","Sorbitol","Memory","-0.001","-0.002","0","0.015","-0.001","0.015","0.015","-0.002","0.000",NA
"138","7","Association of individual low and no-caloric sweeteners at the study baseline and cognitive decline during eight years of follow-up stratified by baseline age","2669","60+ years","Sorbitol","Memory","0","0","0","0.814","0.000","0.814","0.814","0.000","0.000",NA
"139","7","Association of individual low and no-caloric sweeteners at the study baseline and cognitive decline during eight years of follow-up stratified by baseline age","10103","< 60 years","Xylitol","Memory","-0.032","-0.056","-0.008","0.016","-0.032","0.016","0.016","-0.056","-0.008",NA
"140","7","Association of individual low and no-caloric sweeteners at the study baseline and cognitive decline during eight years of follow-up stratified by baseline age","2669","60+ years","Xylitol","Memory","0.008","-0.056","0.064","0.779","0.008","0.779","0.779","-0.056","0.064",NA
"141","7","Association of individual low and no-caloric sweeteners at the study baseline and cognitive decline during eight years of follow-up stratified by baseline age","10103","< 60 years","Tagatose","Memory","0.064","0.008","0.12","0.011","0.064","0.011","0.011","0.008","0.120",NA
"142","7","Association of individual low and no-caloric sweeteners at the study baseline and cognitive decline during eight years of follow-up stratified by baseline age","2669","60+ years","Tagatose","Memory","-0.168","-0.32","-0.004","0.043","-0.168","0.043","0.043","-0.320","-0.004",NA
"143","7","Association of individual low and no-caloric sweeteners at the study baseline and cognitive decline during eight years of follow-up stratified by baseline age","10103","< 60 years","Aspartame","Verbal fluency","0","0","0","0.366","0.000","0.366","0.366","0.000","0.000",NA
"144","7","Association of individual low and no-caloric sweeteners at the study baseline and cognitive decline during eight years of follow-up stratified by baseline age","2669","60+ years","Aspartame","Verbal fluency","0","0","0","0.831","0.000","0.831","0.831","0.000","0.000",NA
"145","7","Association of individual low and no-caloric sweeteners at the study baseline and cognitive decline during eight years of follow-up stratified by baseline age","10103","< 60 years","Saccharin","Verbal fluency","0","-0.008","0.008","0.397","0.000","0.397","0.397","-0.008","0.008",NA
"146","7","Association of individual low and no-caloric sweeteners at the study baseline and cognitive decline during eight years of follow-up stratified by baseline age","2669","60+ years","Saccharin","Verbal fluency","0.016","-0.001","0.032","0.088","0.016","0.088","0.088","-0.001","0.032",NA
"147","7","Association of individual low and no-caloric sweeteners at the study baseline and cognitive decline during eight years of follow-up stratified by baseline age","10103","< 60 years","Acesulfame-k","Verbal fluency","0","0","0","0.484","0.000","0.484","0.484","0.000","0.000",NA
"148","7","Association of individual low and no-caloric sweeteners at the study baseline and cognitive decline during eight years of follow-up stratified by baseline age","2669","60+ years","Acesulfame-k","Verbal fluency","0","-0.008","0.008","0.841","0.000","0.841","0.841","-0.008","0.008",NA
"149","7","Association of individual low and no-caloric sweeteners at the study baseline and cognitive decline during eight years of follow-up stratified by baseline age","10103","< 60 years","Erythritol","Verbal fluency","-0.024","-0.08","0.001","0.051","-0.024","0.051","0.051","-0.080","0.001",NA
"150","7","Association of individual low and no-caloric sweeteners at the study baseline and cognitive decline during eight years of follow-up stratified by baseline age","2669","60+ years","Erythritol","Verbal fluency","0.008","-0.064","0.088","0.731","0.008","0.731","0.731","-0.064","0.088",NA
"151","7","Association of individual low and no-caloric sweeteners at the study baseline and cognitive decline during eight years of follow-up stratified by baseline age","10103","< 60 years","Sorbitol","Verbal fluency","-0.001","-0.002","0","0.032","-0.001","0.032","0.032","-0.002","0.000",NA
"152","7","Association of individual low and no-caloric sweeteners at the study baseline and cognitive decline during eight years of follow-up stratified by baseline age","2669","60+ years","Sorbitol","Verbal fluency","0","0","0","0.573","0.000","0.573","0.573","0.000","0.000",NA
"153","7","Association of individual low and no-caloric sweeteners at the study baseline and cognitive decline during eight years of follow-up stratified by baseline age","10103","< 60 years","Xylitol","Verbal fluency","-0.008","-0.032","0.016","0.485","-0.008","0.485","0.485","-0.032","0.016",NA
"154","7","Association of individual low and no-caloric sweeteners at the study baseline and cognitive decline during eight years of follow-up stratified by baseline age","2669","60+ years","Xylitol","Verbal fluency","-0.016","-0.032","0.064","0.462","-0.016","0.462","0.462","-0.032","0.064",NA
"155","7","Association of individual low and no-caloric sweeteners at the study baseline and cognitive decline during eight years of follow-up stratified by baseline age","10103","< 60 years","Tagatose","Verbal fluency","0.008","-0.04","0.064","0.708","0.008","0.708","0.708","-0.040","0.064",NA
"156","7","Association of individual low and no-caloric sweeteners at the study baseline and cognitive decline during eight years of follow-up stratified by baseline age","2669","60+ years","Tagatose","Verbal fluency","0.04","-0.044","0.176","0.527","0.040","0.527","0.527","-0.044","0.176",NA
"157","7","Association of individual low and no-caloric sweeteners at the study baseline and cognitive decline during eight years of follow-up stratified by baseline age","10103","< 60 years","Aspartame","Executive function","0","0","0.002","0.226","0.000","0.226","0.226","0.000","0.002",NA
"158","7","Association of individual low and no-caloric sweeteners at the study baseline and cognitive decline during eight years of follow-up stratified by baseline age","2669","60+ years","Aspartame","Executive function","0","-0.008","0.001","0.293","0.000","0.293","0.293","-0.008","0.001",NA
"159","7","Association of individual low and no-caloric sweeteners at the study baseline and cognitive decline during eight years of follow-up stratified by baseline age","10103","< 60 years","Saccharin","Executive function","0.008","-0.001","0.008","0.249","0.008","0.249","0.249","-0.001","0.008",NA
"160","7","Association of individual low and no-caloric sweeteners at the study baseline and cognitive decline during eight years of follow-up stratified by baseline age","2669","60+ years","Saccharin","Executive function","-0.008","-0.04","0.008","0.316","-0.008","0.316","0.316","-0.040","0.008",NA
"161","7","Association of individual low and no-caloric sweeteners at the study baseline and cognitive decline during eight years of follow-up stratified by baseline age","10103","< 60 years","Acesulfame-k","Executive function","0","-0.001","0.008","0.253","0.000","0.253","0.253","-0.001","0.008",NA
"162","7","Association of individual low and no-caloric sweeteners at the study baseline and cognitive decline during eight years of follow-up stratified by baseline age","2669","60+ years","Acesulfame-k","Executive function","-0.008","-0.016","0","0.235","-0.008","0.235","0.235","-0.016","0.000",NA
"163","7","Association of individual low and no-caloric sweeteners at the study baseline and cognitive decline during eight years of follow-up stratified by baseline age","10103","< 60 years","Erythritol","Executive function","-0.024","-0.064","0.016","0.275","-0.024","0.275","0.275","-0.064","0.016",NA
"164","7","Association of individual low and no-caloric sweeteners at the study baseline and cognitive decline during eight years of follow-up stratified by baseline age","2669","60+ years","Erythritol","Executive function","-0.04","-0.152","0.072","0.48","-0.040","0.480","0.480","-0.152","0.072",NA
"165","7","Association of individual low and no-caloric sweeteners at the study baseline and cognitive decline during eight years of follow-up stratified by baseline age","10103","< 60 years","Sorbitol","Executive function","0","-0.001","0.001","0.482","0.000","0.482","0.482","-0.001","0.001",NA
"166","7","Association of individual low and no-caloric sweeteners at the study baseline and cognitive decline during eight years of follow-up stratified by baseline age","2669","60+ years","Sorbitol","Executive function","0","-0.002","0.001","0.613","0.000","0.613","0.613","-0.002","0.001",NA
"167","7","Association of individual low and no-caloric sweeteners at the study baseline and cognitive decline during eight years of follow-up stratified by baseline age","10103","< 60 years","Xylitol","Executive function","0.024","0","0.056","0.084","0.024","0.084","0.084","0.000","0.056",NA
"168","7","Association of individual low and no-caloric sweeteners at the study baseline and cognitive decline during eight years of follow-up stratified by baseline age","2669","60+ years","Xylitol","Executive function","-0.016","-0.088","0.056","0.649","-0.016","0.649","0.649","-0.088","0.056",NA
"169","7","Association of individual low and no-caloric sweeteners at the study baseline and cognitive decline during eight years of follow-up stratified by baseline age","10103","< 60 years","Tagatose","Executive function","0","-0.056","0.056","0.949","0.000","0.949","0.949","-0.056","0.056",NA
"170","7","Association of individual low and no-caloric sweeteners at the study baseline and cognitive decline during eight years of follow-up stratified by baseline age","2669","60+ years","Tagatose","Executive function","0.048","-0.144","0.248","0.606","0.048","0.606","0.606","-0.144","0.248",NA
"171","7","Association of individual low and no-caloric sweeteners at the study baseline and cognitive decline during eight years of follow-up stratified by baseline age","10103","< 60 years","Aspartame","Global cognition","0","-0.002","0.001","0.214","0.000","0.214","0.214","-0.002","0.001",NA
"172","7","Association of individual low and no-caloric sweeteners at the study baseline and cognitive decline during eight years of follow-up stratified by baseline age","2669","60+ years","Aspartame","Global cognition","0","-0.008","0.001","0.111","0.000","0.111","0.111","-0.008","0.001",NA
"173","7","Association of individual low and no-caloric sweeteners at the study baseline and cognitive decline during eight years of follow-up stratified by baseline age","10103","< 60 years","Saccharin","Global cognition","0","-0.008","0.001","0.126","0.000","0.126","0.126","-0.008","0.001",NA
"174","7","Association of individual low and no-caloric sweeteners at the study baseline and cognitive decline during eight years of follow-up stratified by baseline age","2669","60+ years","Saccharin","Global cognition","0","-0.016","0.008","0.528","0.000","0.528","0.528","-0.016","0.008",NA
"175","7","Association of individual low and no-caloric sweeteners at the study baseline and cognitive decline during eight years of follow-up stratified by baseline age","10103","< 60 years","Acesulfame-k","Global cognition","0","-0.003","0.008","0.222","0.000","0.222","0.222","-0.003","0.008",NA
"176","7","Association of individual low and no-caloric sweeteners at the study baseline and cognitive decline during eight years of follow-up stratified by baseline age","2669","60+ years","Acesulfame-k","Global cognition","0","-0.008","0.001","0.087","0.000","0.087","0.087","-0.008","0.001",NA
"177","7","Association of individual low and no-caloric sweeteners at the study baseline and cognitive decline during eight years of follow-up stratified by baseline age","10103","< 60 years","Erythritol","Global cognition","-0.024","-0.048","0","0.054","-0.024","0.054","0.054","-0.048","0.000",NA
"178","7","Association of individual low and no-caloric sweeteners at the study baseline and cognitive decline during eight years of follow-up stratified by baseline age","2669","60+ years","Erythritol","Global cognition","0.008","-0.048","0.064","0.798","0.008","0.798","0.798","-0.048","0.064",NA
"179","7","Association of individual low and no-caloric sweeteners at the study baseline and cognitive decline during eight years of follow-up stratified by baseline age","10103","< 60 years","Sorbitol","Global cognition","-0.0005","-0.001","-0.0001","0.016","-0.0005","0.016","0.016","-0.001","-0.0001",NA
"180","7","Association of individual low and no-caloric sweeteners at the study baseline and cognitive decline during eight years of follow-up stratified by baseline age","2669","60+ years","Sorbitol","Global cognition","0","0","0","0.611","0.000","0.611","0.611","0.000","0.000",NA
"181","7","Association of individual low and no-caloric sweeteners at the study baseline and cognitive decline during eight years of follow-up stratified by baseline age","10103","< 60 years","Xylitol","Global cognition","-0.008","-0.024","0.008","0.187","-0.008","0.187","0.187","-0.024","0.008",NA
"182","7","Association of individual low and no-caloric sweeteners at the study baseline and cognitive decline during eight years of follow-up stratified by baseline age","2669","60+ years","Xylitol","Global cognition","0.008","-0.032","0.048","0.738","0.008","0.738","0.738","-0.032","0.048",NA
"183","7","Association of individual low and no-caloric sweeteners at the study baseline and cognitive decline during eight years of follow-up stratified by baseline age","10103","< 60 years","Tagatose","Global cognition","0.04","0.008","0.08","0.023","0.040","0.023","0.023","0.008","0.080",NA
"184","7","Association of individual low and no-caloric sweeteners at the study baseline and cognitive decline during eight years of follow-up stratified by baseline age","2669","60+ years","Tagatose","Global cognition","-0.048","-0.168","0.056","0.328","-0.048","0.328","0.328","-0.168","0.056",NA
"185","8","Association between baseline tertiles of combined low and no-caloric sweeteners and cognitive decline during eight years of follow-up stratified by diabetes status","11363","Without diabetes","Tertile 2*Time","Memory","-0.002","-0.023","0.024","0.826","-0.002","0.826","0.826","-0.023","0.024",NA
"186","8","Association between baseline tertiles of combined low and no-caloric sweeteners and cognitive decline during eight years of follow-up stratified by diabetes status","11363","Without diabetes","Tertile 3*Time","Memory","-0.011","-0.033","0.01","0.304","-0.011","0.304","0.304","-0.033","0.010",NA
"187","8","Association between baseline tertiles of combined low and no-caloric sweeteners and cognitive decline during eight years of follow-up stratified by diabetes status","1409","With diabetes","Tertile 2*Time","Memory","-0.069","-0.093","-0.006","0.03","-0.069","0.030","0.030","-0.093","-0.006",NA
"188","8","Association between baseline tertiles of combined low and no-caloric sweeteners and cognitive decline during eight years of follow-up stratified by diabetes status","1409","With diabetes","Tertile 3*Time","Memory","-0.088","-0.148","-0.028","0.004","-0.088","0.004","0.004","-0.148","-0.028",NA
"189","8","Association between baseline tertiles of combined low and no-caloric sweeteners and cognitive decline during eight years of follow-up stratified by diabetes status","11363","Without diabetes","Tertile 2*Time","Verbal fluency","-0.021","-0.042","-0.001","0.04","-0.021","0.040","0.040","-0.042","-0.001",NA
"190","8","Association between baseline tertiles of combined low and no-caloric sweeteners and cognitive decline during eight years of follow-up stratified by diabetes status","11363","Without diabetes","Tertile 3*Time","Verbal fluency","-0.036","-0.057","-0.014","0.001","-0.036","<0.001","0.001","-0.057","-0.014",NA
"191","8","Association between baseline tertiles of combined low and no-caloric sweeteners and cognitive decline during eight years of follow-up stratified by diabetes status","1409","With diabetes","Tertile 2*Time","Verbal fluency","-0.047","-0.102","0.006","0.086","-0.047","0.086","0.086","-0.102","0.006",NA
"192","8","Association between baseline tertiles of combined low and no-caloric sweeteners and cognitive decline during eight years of follow-up stratified by diabetes status","1409","With diabetes","Tertile 3*Time","Verbal fluency","-0.047","-0.099","0.005","0.076","-0.047","0.076","0.076","-0.099","0.005",NA
"193","8","Association between baseline tertiles of combined low and no-caloric sweeteners and cognitive decline during eight years of follow-up stratified by diabetes status","11363","Without diabetes","Tertile 2*Time","Executive function","-0.002","-0.025","0.02","0.85","-0.002","0.850","0.850","-0.025","0.020",NA
"194","8","Association between baseline tertiles of combined low and no-caloric sweeteners and cognitive decline during eight years of follow-up stratified by diabetes status","11363","Without diabetes","Tertile 3*Time","Executive function","0","-0.022","0.023","0.963","0.000","0.963","0.963","-0.022","0.023",NA
"195","8","Association between baseline tertiles of combined low and no-caloric sweeteners and cognitive decline during eight years of follow-up stratified by diabetes status","1409","With diabetes","Tertile 2*Time","Executive function","0.023","-0.056","0.104","0.56","0.023","0.560","0.560","-0.056","0.104",NA
"196","8","Association between baseline tertiles of combined low and no-caloric sweeteners and cognitive decline during eight years of follow-up stratified by diabetes status","1409","With diabetes","Tertile 3*Time","Executive function","0.022","-0.055","0.098","0.583","0.022","0.583","0.583","-0.055","0.098",NA
"197","8","Association between baseline tertiles of combined low and no-caloric sweeteners and cognitive decline during eight years of follow-up stratified by diabetes status","11363","Without diabetes","Tertile 2*Time","Global cognition","-0.008","-0.023","0.006","0.255","-0.008","0.255","0.255","-0.023","0.006",NA
"198","8","Association between baseline tertiles of combined low and no-caloric sweeteners and cognitive decline during eight years of follow-up stratified by diabetes status","11363","Without diabetes","Tertile 3*Time","Global cognition","-0.018","-0.034","-0.002","0.019","-0.018","0.019","0.019","-0.034","-0.002",NA
"199","8","Association between baseline tertiles of combined low and no-caloric sweeteners and cognitive decline during eight years of follow-up stratified by diabetes status","1409","With diabetes","Tertile 2*Time","Global cognition","-0.052","-0.096","-0.008","0.025","-0.052","0.025","0.025","-0.096","-0.008",NA
"200","8","Association between baseline tertiles of combined low and no-caloric sweeteners and cognitive decline during eight years of follow-up stratified by diabetes status","1409","With diabetes","Tertile 3*Time","Global cognition","-0.063","-0.105","-0.021","0.005","-0.063","0.005","0.005","-0.105","-0.021",NA
"201","9","Association of individual low and no-caloric sweeteners at the study baseline and cognitive decline during eight years of follow-up stratified by diabetes status","11363","Without diabetes","Aspartame","Memory","0","-0.002","0","0.323","0.000","0.323","0.323","-0.002","0.000",NA
"202","9","Association of individual low and no-caloric sweeteners at the study baseline and cognitive decline during eight years of follow-up stratified by diabetes status","1409","With diabetes","Aspartame","Memory","-0.004","-0.007","-0.002","0.002","-0.004","0.002","0.002","-0.007","-0.002",NA
"203","9","Association of individual low and no-caloric sweeteners at the study baseline and cognitive decline during eight years of follow-up stratified by diabetes status","11363","Without diabetes","Saccharin","Memory","-0.004","-0.012","0.002","0.234","-0.004","0.234","0.234","-0.012","0.002",NA
"204","9","Association of individual low and no-caloric sweeteners at the study baseline and cognitive decline during eight years of follow-up stratified by diabetes status","1409","With diabetes","Saccharin","Memory","-0.024","-0.038","-0.009","0.001","-0.024","0.001","0.001","-0.038","-0.009",NA
"205","9","Association of individual low and no-caloric sweeteners at the study baseline and cognitive decline during eight years of follow-up stratified by diabetes status","11363","Without diabetes","Acesulfame-k","Memory","-0.001","-0.004","0.001","0.368","-0.001","0.368","0.368","-0.004","0.001",NA
"206","9","Association of individual low and no-caloric sweeteners at the study baseline and cognitive decline during eight years of follow-up stratified by diabetes status","1409","With diabetes","Acesulfame-k","Memory","-0.009","-0.015","-0.004","0.001","-0.009","<0.001","0.001","-0.015","-0.004",NA
"207","9","Association of individual low and no-caloric sweeteners at the study baseline and cognitive decline during eight years of follow-up stratified by diabetes status","11363","Without diabetes","Erythritol","Memory","-0.038","-0.07","-0.004","0.025","-0.038","0.025","0.025","-0.070","-0.004",NA
"208","9","Association of individual low and no-caloric sweeteners at the study baseline and cognitive decline during eight years of follow-up stratified by diabetes status","1409","With diabetes","Erythritol","Memory","-0.03","-0.107","0.045","0.427","-0.030","0.427","0.427","-0.107","0.045",NA
"209","9","Association of individual low and no-caloric sweeteners at the study baseline and cognitive decline during eight years of follow-up stratified by diabetes status","11363","Without diabetes","Sorbitol","Memory","-0.0007","-0.001","0","0.033","-0.0007","0.033","0.033","-0.001","0.000",NA
"210","9","Association of individual low and no-caloric sweeteners at the study baseline and cognitive decline during eight years of follow-up stratified by diabetes status","1409","With diabetes","Sorbitol","Memory","0","-0.002","0.001","0.376","0.000","0.376","0.376","-0.002","0.001",NA
"211","9","Association of individual low and no-caloric sweeteners at the study baseline and cognitive decline during eight years of follow-up stratified by diabetes status","11363","Without diabetes","Xylitol","Memory","-0.029","-0.049","-0.007","0.007","-0.029","0.007","0.007","-0.049","-0.007",NA
"212","9","Association of individual low and no-caloric sweeteners at the study baseline and cognitive decline during eight years of follow-up stratified by diabetes status","1409","With diabetes","Xylitol","Memory","-0.069","-0.122","-0.014","0.012","-0.069","0.012","0.012","-0.122","-0.014",NA
"213","9","Association of individual low and no-caloric sweeteners at the study baseline and cognitive decline during eight years of follow-up stratified by diabetes status","11363","Without diabetes","Tagatose","Memory","0.03","-0.016","0.077","0.203","0.030","0.203","0.203","-0.016","0.077",NA
"214","9","Association of individual low and no-caloric sweeteners at the study baseline and cognitive decline during eight years of follow-up stratified by diabetes status","1409","With diabetes","Tagatose","Memory","0.035","0.104","0.176","0.616","0.035","0.616","0.616","0.104","0.176",NA
"215","9","Association of individual low and no-caloric sweeteners at the study baseline and cognitive decline during eight years of follow-up stratified by diabetes status","11363","Without diabetes","Aspartame","Verbal fluency","0.001","-0.002","0","0.353","0.001","0.353","0.353","-0.002","0.000",NA
"216","9","Association of individual low and no-caloric sweeteners at the study baseline and cognitive decline during eight years of follow-up stratified by diabetes status","1409","With diabetes","Aspartame","Verbal fluency","-0.003","-0.006","0","0.02","-0.003","0.020","0.020","-0.006","0.000",NA
"217","9","Association of individual low and no-caloric sweeteners at the study baseline and cognitive decline during eight years of follow-up stratified by diabetes status","11363","Without diabetes","Saccharin","Verbal fluency","-0.001","-0.008","0.006","0.691","-0.001","0.691","0.691","-0.008","0.006",NA
"218","9","Association of individual low and no-caloric sweeteners at the study baseline and cognitive decline during eight years of follow-up stratified by diabetes status","1409","With diabetes","Saccharin","Verbal fluency","-0.009","-0.022","0.002","0.134","-0.009","0.134","0.134","-0.022","0.002",NA
"219","9","Association of individual low and no-caloric sweeteners at the study baseline and cognitive decline during eight years of follow-up stratified by diabetes status","11363","Without diabetes","Acesulfame-k","Verbal fluency","0","-0.002","0.002","0.845","0.000","0.845","0.845","-0.002","0.002",NA
"220","9","Association of individual low and no-caloric sweeteners at the study baseline and cognitive decline during eight years of follow-up stratified by diabetes status","1409","With diabetes","Acesulfame-k","Verbal fluency","-0.007","-0.012","-0.002","0.005","-0.007","0.005","0.005","-0.012","-0.002",NA
"221","9","Association of individual low and no-caloric sweeteners at the study baseline and cognitive decline during eight years of follow-up stratified by diabetes status","11363","Without diabetes","Erythritol","Verbal fluency","-0.021","-0.054","0.01","0.18","-0.021","0.180","0.180","-0.054","0.010",NA
"222","9","Association of individual low and no-caloric sweeteners at the study baseline and cognitive decline during eight years of follow-up stratified by diabetes status","1409","With diabetes","Erythritol","Verbal fluency","-0.033","-0.1","0.034","0.329","-0.033","0.329","0.329","-0.100","0.034",NA
"223","9","Association of individual low and no-caloric sweeteners at the study baseline and cognitive decline during eight years of follow-up stratified by diabetes status","11363","Without diabetes","Sorbitol","Verbal fluency","-0.0007","-0.001","0","0.018","-0.0007","0.018","0.018","-0.001","0.000",NA
"224","9","Association of individual low and no-caloric sweeteners at the study baseline and cognitive decline during eight years of follow-up stratified by diabetes status","1409","With diabetes","Sorbitol","Verbal fluency","-0.001","-0.002","0","0.08","-0.001","0.080","0.080","-0.002","0.000",NA
"225","9","Association of individual low and no-caloric sweeteners at the study baseline and cognitive decline during eight years of follow-up stratified by diabetes status","11363","Without diabetes","Xylitol","Verbal fluency","-0.01","-0.031","0.009","0.299","-0.010","0.299","0.299","-0.031","0.009",NA
"226","9","Association of individual low and no-caloric sweeteners at the study baseline and cognitive decline during eight years of follow-up stratified by diabetes status","1409","With diabetes","Xylitol","Verbal fluency","-0.044","-0.091","0.002","0.06","-0.044","0.060","0.060","-0.091","0.002",NA
"227","9","Association of individual low and no-caloric sweeteners at the study baseline and cognitive decline during eight years of follow-up stratified by diabetes status","11363","Without diabetes","Tagatose","Verbal fluency","0.028","-0.018","0.074","0.232","0.028","0.232","0.232","-0.018","0.074",NA
"228","9","Association of individual low and no-caloric sweeteners at the study baseline and cognitive decline during eight years of follow-up stratified by diabetes status","1409","With diabetes","Tagatose","Verbal fluency","0.098","-0.222","0.026","0.12","0.098","0.120","0.120","-0.222","0.026",NA
"229","9","Association of individual low and no-caloric sweeteners at the study baseline and cognitive decline during eight years of follow-up stratified by diabetes status","11363","Without diabetes","Aspartame","Executive function","0.001","0","0.002","0.185","0.001","0.185","0.185","0.000","0.002",NA
"230","9","Association of individual low and no-caloric sweeteners at the study baseline and cognitive decline during eight years of follow-up stratified by diabetes status","1409","With diabetes","Aspartame","Executive function","0.001","-0.002","0.005","0.623","0.001","0.623","0.623","-0.002","0.005",NA
"231","9","Association of individual low and no-caloric sweeteners at the study baseline and cognitive decline during eight years of follow-up stratified by diabetes status","11363","Without diabetes","Saccharin","Executive function","0","-0.007","0.007","0.996","0.000","0.996","0.996","-0.007","0.007",NA
"232","9","Association of individual low and no-caloric sweeteners at the study baseline and cognitive decline during eight years of follow-up stratified by diabetes status","1409","With diabetes","Saccharin","Executive function","0.01","-0.008","0.029","0.265","0.010","0.265","0.265","-0.008","0.029",NA
"233","9","Association of individual low and no-caloric sweeteners at the study baseline and cognitive decline during eight years of follow-up stratified by diabetes status","11363","Without diabetes","Acesulfame-k","Executive function","0.002","0","0.004","0.136","0.002","0.136","0.136","0.000","0.004",NA
"234","9","Association of individual low and no-caloric sweeteners at the study baseline and cognitive decline during eight years of follow-up stratified by diabetes status","1409","With diabetes","Acesulfame-k","Executive function","0.001","-0.006","0.008","0.8","0.001","0.800","0.800","-0.006","0.008",NA
"235","9","Association of individual low and no-caloric sweeteners at the study baseline and cognitive decline during eight years of follow-up stratified by diabetes status","11363","Without diabetes","Erythritol","Executive function","-0.017","-0.053","0.018","0.346","-0.017","0.346","0.346","-0.053","0.018",NA
"236","9","Association of individual low and no-caloric sweeteners at the study baseline and cognitive decline during eight years of follow-up stratified by diabetes status","1409","With diabetes","Erythritol","Executive function","-0.072","-0.172","0.028","0.16","-0.072","0.160","0.160","-0.172","0.028",NA
"237","9","Association of individual low and no-caloric sweeteners at the study baseline and cognitive decline during eight years of follow-up stratified by diabetes status","11363","Without diabetes","Sorbitol","Executive function","0","-0.001","0","0.604","0.000","0.604","0.604","-0.001","0.000",NA
"238","9","Association of individual low and no-caloric sweeteners at the study baseline and cognitive decline during eight years of follow-up stratified by diabetes status","1409","With diabetes","Sorbitol","Executive function","0","-0.002","0.002","0.916","0.000","0.916","0.916","-0.002","0.002",NA
"239","9","Association of individual low and no-caloric sweeteners at the study baseline and cognitive decline during eight years of follow-up stratified by diabetes status","11363","Without diabetes","Xylitol","Executive function","-0.004","-0.027","0.018","0.693","-0.004","0.693","0.693","-0.027","0.018",NA
"240","9","Association of individual low and no-caloric sweeteners at the study baseline and cognitive decline during eight years of follow-up stratified by diabetes status","1409","With diabetes","Xylitol","Executive function","0.012","-0.057","0.083","0.716","0.012","0.716","0.716","-0.057","0.083",NA
"241","9","Association of individual low and no-caloric sweeteners at the study baseline and cognitive decline during eight years of follow-up stratified by diabetes status","11363","Without diabetes","Tagatose","Executive function","0.018","-0.031","0.068","0.476","0.018","0.476","0.476","-0.031","0.068",NA
"242","9","Association of individual low and no-caloric sweeteners at the study baseline and cognitive decline during eight years of follow-up stratified by diabetes status","1409","With diabetes","Tagatose","Executive function","-0.216","-0.404","-0.029","0.023","-0.216","0.023","0.023","-0.404","-0.029",NA
"243","9","Association of individual low and no-caloric sweeteners at the study baseline and cognitive decline during eight years of follow-up stratified by diabetes status","11363","Without diabetes","Aspartame","Global cognition","0.001","-0.001","0","0.303","0.001","0.303","0.303","-0.001","0.000",NA
"244","9","Association of individual low and no-caloric sweeteners at the study baseline and cognitive decline during eight years of follow-up stratified by diabetes status","1409","With diabetes","Aspartame","Global cognition","-0.003","-0.005","-0.001","0.002","-0.003","0.002","0.002","-0.005","-0.001",NA
"245","9","Association of individual low and no-caloric sweeteners at the study baseline and cognitive decline during eight years of follow-up stratified by diabetes status","11363","Without diabetes","Saccharin","Global cognition","-0.003","-0.009","0.001","0.177","-0.003","0.177","0.177","-0.009","0.001",NA
"246","9","Association of individual low and no-caloric sweeteners at the study baseline and cognitive decline during eight years of follow-up stratified by diabetes status","1409","With diabetes","Saccharin","Global cognition","-0.014","-0.024","-0.003","0.009","-0.014","0.009","0.009","-0.024","-0.003",NA
"247","9","Association of individual low and no-caloric sweeteners at the study baseline and cognitive decline during eight years of follow-up stratified by diabetes status","11363","Without diabetes","Acesulfame-k","Global cognition","0","-0.003","0.001","0.539","0.000","0.539","0.539","-0.003","0.001",NA
"248","9","Association of individual low and no-caloric sweeteners at the study baseline and cognitive decline during eight years of follow-up stratified by diabetes status","1409","With diabetes","Acesulfame-k","Global cognition","-0.006","-0.01","-0.002","0.001","-0.006","<0.001","0.001","-0.010","-0.002",NA
"249","9","Association of individual low and no-caloric sweeteners at the study baseline and cognitive decline during eight years of follow-up stratified by diabetes status","11363","Without diabetes","Erythritol","Global cognition","-0.024","-0.047","-0.001","0.039","-0.024","0.039","0.039","-0.047","-0.001",NA
"250","9","Association of individual low and no-caloric sweeteners at the study baseline and cognitive decline during eight years of follow-up stratified by diabetes status","1409","With diabetes","Erythritol","Global cognition","-0.036","-0.09","0.018","0.196","-0.036","0.196","0.196","-0.090","0.018",NA
"251","9","Association of individual low and no-caloric sweeteners at the study baseline and cognitive decline during eight years of follow-up stratified by diabetes status","11363","Without diabetes","Sorbitol","Global cognition","-0.0005","-0.001","0","0.011","-0.0005","0.011","0.011","-0.001","0.000",NA
"252","9","Association of individual low and no-caloric sweeteners at the study baseline and cognitive decline during eight years of follow-up stratified by diabetes status","1409","With diabetes","Sorbitol","Global cognition","0","-0.002","0","0.203","0.000","0.203","0.203","-0.002","0.000",NA
"253","9","Association of individual low and no-caloric sweeteners at the study baseline and cognitive decline during eight years of follow-up stratified by diabetes status","11363","Without diabetes","Xylitol","Global cognition","-0.016","-0.031","-0.001","0.03","-0.016","0.030","0.030","-0.031","-0.001",NA
"254","9","Association of individual low and no-caloric sweeteners at the study baseline and cognitive decline during eight years of follow-up stratified by diabetes status","1409","With diabetes","Xylitol","Global cognition","-0.051","-0.089","-0.013","0.009","-0.051","0.009","0.009","-0.089","-0.013",NA
"255","9","Association of individual low and no-caloric sweeteners at the study baseline and cognitive decline during eight years of follow-up stratified by diabetes status","11363","Without diabetes","Tagatose","Global cognition","0.033","0","0.066","0.05","0.033","0.050","0.050","0.000","0.066",NA
"256","9","Association of individual low and no-caloric sweeteners at the study baseline and cognitive decline during eight years of follow-up stratified by diabetes status","1409","With diabetes","Tagatose","Global cognition","-0.043","-0.144","0.057","0.395","-0.043","0.395","0.395","-0.144","0.057",NA
